{
    "frames": [
        {
            "filename": "boton-jugar",
            "frame": {
                "w": 357,
                "h": 97,
                "x": 0,
                "y": 0
            },
            "anchor": {
                "x": 0.5,
                "y": 0.5
            }
        },
        {
            "filename": "boton-creditos",
            "frame": {
                "w": 200,
                "h": 100,
                "x": 0,
                "y": 97
            },
            "anchor": {
                "x": 0.5,
                "y": 0.5
            }
        },
        {
            "filename": "boton-opciones",
            "frame": {
                "w": 200,
                "h": 100,
                "x": 0,
                "y": 197
            },
            "anchor": {
                "x": 0.5,
                "y": 0.5
            }
        },
        {
            "filename": "boton-ayuda",
            "frame": {
                "w": 200,
                "h": 100,
                "x": 0,
                "y": 297
            },
            "anchor": {
                "x": 0.5,
                "y": 0.5
            }
        },
        {
            "filename": "boton-cerrar",
            "frame": {
                "w": 100,
                "h": 100,
                "x": 200,
                "y": 97
            },
            "anchor": {
                "x": 0.5,
                "y": 0.5
            }
        }
    ],
    "meta": {
        "description": "Atlas generado con Atlas Packer Gamma V2",
        "web": "https://gammafp.github.io/atlas-packer-phaser/"
    }
}